inst_id,funding_time_ms,funding_time_utc,funding_rate,realized_rate,method,archived_at
TRX-USDT-SWAP,1782720000000,2026-06-29T08:00:00Z,-0.0000172426034607,-0.0000172426034607,current_period,2026-09-30T08:42:15Z
TRX-USDT-SWAP,1782748800000,2026-06-29T16:00:00Z,-0.0001089407065823,-0.0001089407065823,current_period,2026-09-30T08:42:15Z
TRX-USDT-SWAP,1782777600000,2026-06-30T00:00:00Z,-0.0000270232210633,-0.0000270232210633,current_period,2026-09-30T08:42:15Z
TRX-USDT-SWAP,1782806400000,2026-06-30T08:00:00Z,-0.000271087141102,-0.000271087141102,current_period,2026-09-30T08:42:15Z
TRX-USDT-SWAP,1782835200000,2026-06-30T16:00:00Z,-0.0005428148150283,-0.0005428148150283,current_period,2026-09-30T08:42:15Z
TRX-USDT-SWAP,1782864000000,2026-07-01T00:00:00Z,-0.0004282249695259,-0.0004282249695259,current_period,2026-09-30T08:42:15Z
TRX-USDT-SWAP,1782892800000,2026-07-01T08:00:00Z,-0.0000757321094627,-0.0000757321094627,current_period,2026-09-30T08:42:15Z
TRX-USDT-SWAP,1782921600000,2026-07-01T16:00:00Z,-0.0000356352355039,-0.0000356352355039,current_period,2026-09-30T08:42:15Z
TRX-USDT-SWAP,1782950400000,2026-07-02T00:00:00Z,-0.0002571053388557,-0.0002571053388557,current_period,2026-09-30T08:42:15Z
TRX-USDT-SWAP,1782979200000,2026-07-02T08:00:00Z,-0.000259315772589,-0.000259315772589,current_period,2026-09-30T08:42:15Z
TRX-USDT-SWAP,1783008000000,2026-07-02T16:00:00Z,-0.0001648429845714,-0.0001648429845714,current_period,2026-09-30T08:42:15Z
TRX-USDT-SWAP,1783036800000,2026-07-03T00:00:00Z,-0.0005118055420847,-0.0005118055420847,current_period,2026-09-30T08:42:15Z
TRX-USDT-SWAP,1783065600000,2026-07-03T08:00:00Z,-0.0003362046503947,-0.0003362046503947,current_period,2026-09-30T08:42:15Z
TRX-USDT-SWAP,1783094400000,2026-07-03T16:00:00Z,-0.0000601182215669,-0.0000601182215669,current_period,2026-09-30T08:42:15Z
TRX-USDT-SWAP,1783123200000,2026-07-04T00:00:00Z,0.0001,0.0001,current_period,2026-09-30T08:42:15Z
TRX-USDT-SWAP,1783152000000,2026-07-04T08:00:00Z,-0.0000249497606289,-0.0000249497606289,current_period,2026-09-30T08:42:15Z
TRX-USDT-SWAP,1783180800000,2026-07-04T16:00:00Z,0.0000436470443568,0.0000436470443568,current_period,2026-09-30T08:42:15Z
TRX-USDT-SWAP,1783209600000,2026-07-05T00:00:00Z,-0.000114040910595,-0.000114040910595,current_period,2026-09-30T08:42:15Z
TRX-USDT-SWAP,1783238400000,2026-07-05T08:00:00Z,-0.0000402584743371,-0.0000402584743371,current_period,2026-09-30T08:42:15Z
TRX-USDT-SWAP,1783267200000,2026-07-05T16:00:00Z,0.0000456441496316,0.0000456441496316,current_period,2026-09-30T08:42:15Z
TRX-USDT-SWAP,1783296000000,2026-07-06T00:00:00Z,0.0001,0.0001,current_period,2026-09-30T08:42:15Z
TRX-USDT-SWAP,1783324800000,2026-07-06T08:00:00Z,0.0000176580926798,0.0000176580926798,current_period,2026-09-30T08:42:15Z
TRX-USDT-SWAP,1783353600000,2026-07-06T16:00:00Z,-0.0001224670565077,-0.0001224670565077,current_period,2026-09-30T08:42:15Z
TRX-USDT-SWAP,1783382400000,2026-07-07T00:00:00Z,0.0000269886588422,0.0000269886588422,current_period,2026-09-30T08:42:15Z
TRX-USDT-SWAP,1783411200000,2026-07-07T08:00:00Z,0.0000123157024691,0.0000123157024691,current_period,2026-09-30T08:42:15Z
TRX-USDT-SWAP,1783440000000,2026-07-07T16:00:00Z,0.0000352638032946,0.0000352638032946,current_period,2026-09-30T08:42:15Z
TRX-USDT-SWAP,1783468800000,2026-07-08T00:00:00Z,-0.0000289269651997,-0.0000289269651997,current_period,2026-09-30T08:42:15Z
TRX-USDT-SWAP,1783497600000,2026-07-08T08:00:00Z,-0.0001202572270303,-0.0001202572270303,current_period,2026-09-30T08:42:15Z
TRX-USDT-SWAP,1783526400000,2026-07-08T16:00:00Z,-0.0001325155145347,-0.0001325155145347,current_period,2026-09-30T08:42:15Z
TRX-USDT-SWAP,1783555200000,2026-07-09T00:00:00Z,0.0000011009953731,0.0000011009953731,current_period,2026-09-30T08:42:15Z
TRX-USDT-SWAP,1783584000000,2026-07-09T08:00:00Z,0.0000704766728499,0.0000704766728499,current_period,2026-09-30T08:42:15Z
TRX-USDT-SWAP,1783612800000,2026-07-09T16:00:00Z,0.0000568860891295,0.0000568860891295,current_period,2026-09-30T08:42:15Z
TRX-USDT-SWAP,1783641600000,2026-07-10T00:00:00Z,0.0000726460259523,0.0000726460259523,current_period,2026-09-30T08:42:15Z
TRX-USDT-SWAP,1783670400000,2026-07-10T08:00:00Z,0.0000173274092648,0.0000173274092648,current_period,2026-09-30T08:42:15Z
TRX-USDT-SWAP,1783699200000,2026-07-10T16:00:00Z,-0.0000414599246634,-0.0000414599246634,current_period,2026-09-30T08:42:15Z
TRX-USDT-SWAP,1783728000000,2026-07-11T00:00:00Z,-0.0000548166606672,-0.0000548166606672,current_period,2026-09-30T08:42:15Z
TRX-USDT-SWAP,1783756800000,2026-07-11T08:00:00Z,-0.0002156717290877,-0.0002156717290877,current_period,2026-09-30T08:42:15Z
TRX-USDT-SWAP,1783785600000,2026-07-11T16:00:00Z,0.0000912462776206,0.0000912462776206,current_period,2026-09-30T08:42:15Z
TRX-USDT-SWAP,1783814400000,2026-07-12T00:00:00Z,-0.0001198818360974,-0.0001198818360974,current_period,2026-09-30T08:42:15Z
TRX-USDT-SWAP,1783843200000,2026-07-12T08:00:00Z,-0.0001630395397852,-0.0001630395397852,current_period,2026-09-30T08:42:15Z
TRX-USDT-SWAP,1783872000000,2026-07-12T16:00:00Z,0.0000363239503942,0.0000363239503942,current_period,2026-09-30T08:42:15Z
TRX-USDT-SWAP,1783900800000,2026-07-13T00:00:00Z,-0.0000832383734052,-0.0000832383734052,current_period,2026-09-30T08:42:15Z
TRX-USDT-SWAP,1783929600000,2026-07-13T08:00:00Z,-0.0001626390489184,-0.0001626390489184,current_period,2026-09-30T08:42:15Z
TRX-USDT-SWAP,1783958400000,2026-07-13T16:00:00Z,-0.0002974692256169,-0.0002974692256169,current_period,2026-09-30T08:42:15Z
TRX-USDT-SWAP,1783987200000,2026-07-14T00:00:00Z,-0.0004544154743316,-0.0004544154743316,current_period,2026-09-30T08:42:15Z
TRX-USDT-SWAP,1784016000000,2026-07-14T08:00:00Z,-0.0002795506654895,-0.0002795506654895,current_period,2026-09-30T08:42:15Z
TRX-USDT-SWAP,1784044800000,2026-07-14T16:00:00Z,-0.0001455599072487,-0.0001455599072487,current_period,2026-09-30T08:42:15Z
TRX-USDT-SWAP,1784073600000,2026-07-15T00:00:00Z,-0.0001803936059696,-0.0001803936059696,current_period,2026-09-30T08:42:15Z
TRX-USDT-SWAP,1784102400000,2026-07-15T08:00:00Z,0.0000105652883723,0.0000105652883723,current_period,2026-09-30T08:42:15Z
TRX-USDT-SWAP,1784131200000,2026-07-15T16:00:00Z,-0.0000812792842339,-0.0000812792842339,current_period,2026-09-30T08:42:15Z
TRX-USDT-SWAP,1784160000000,2026-07-16T00:00:00Z,-0.0003522601379795,-0.0003522601379795,current_period,2026-09-30T08:42:15Z
TRX-USDT-SWAP,1784188800000,2026-07-16T08:00:00Z,-0.0003928106726917,-0.0003928106726917,current_period,2026-09-30T08:42:15Z
TRX-USDT-SWAP,1784217600000,2026-07-16T16:00:00Z,-0.0006328042512933,-0.0006328042512933,current_period,2026-09-30T08:42:15Z
TRX-USDT-SWAP,1784246400000,2026-07-17T00:00:00Z,-0.0004447691575989,-0.0004447691575989,current_period,2026-09-30T08:42:15Z
TRX-USDT-SWAP,1784275200000,2026-07-17T08:00:00Z,-0.0004854726276837,-0.0004854726276837,current_period,2026-09-30T08:42:15Z
TRX-USDT-SWAP,1784304000000,2026-07-17T16:00:00Z,-0.0001124490751741,-0.0001124490751741,current_period,2026-09-30T08:42:15Z
TRX-USDT-SWAP,1784332800000,2026-07-18T00:00:00Z,-0.0003334730450085,-0.0003334730450085,current_period,2026-09-30T08:42:15Z
TRX-USDT-SWAP,1784361600000,2026-07-18T08:00:00Z,-0.0004174922721171,-0.0004174922721171,current_period,2026-09-30T08:42:15Z
TRX-USDT-SWAP,1784390400000,2026-07-18T16:00:00Z,-0.0002015189105151,-0.0002015189105151,current_period,2026-09-30T08:42:15Z
TRX-USDT-SWAP,1784419200000,2026-07-19T00:00:00Z,-0.0000098794505641,-0.0000098794505641,current_period,2026-09-30T08:42:15Z
TRX-USDT-SWAP,1784448000000,2026-07-19T08:00:00Z,-0.0000858557060742,-0.0000858557060742,current_period,2026-09-30T08:42:15Z
TRX-USDT-SWAP,1784476800000,2026-07-19T16:00:00Z,-0.0001098229058832,-0.0001098229058832,current_period,2026-09-30T08:42:15Z
TRX-USDT-SWAP,1784505600000,2026-07-20T00:00:00Z,-0.000057502123026,-0.000057502123026,current_period,2026-09-30T08:42:15Z
TRX-USDT-SWAP,1784534400000,2026-07-20T08:00:00Z,-0.0001774848133976,-0.0001774848133976,current_period,2026-09-30T08:42:15Z
TRX-USDT-SWAP,1784563200000,2026-07-20T16:00:00Z,-0.0000771955808138,-0.0000771955808138,current_period,2026-09-30T08:42:15Z
TRX-USDT-SWAP,1784592000000,2026-07-21T00:00:00Z,0.0000667964959449,0.0000667964959449,current_period,2026-09-30T08:42:15Z
TRX-USDT-SWAP,1784620800000,2026-07-21T08:00:00Z,-0.0000358863777687,-0.0000358863777687,current_period,2026-09-30T08:42:15Z
TRX-USDT-SWAP,1784649600000,2026-07-21T16:00:00Z,0.0000574452915843,0.0000574452915843,current_period,2026-09-30T08:42:15Z
TRX-USDT-SWAP,1784678400000,2026-07-22T00:00:00Z,0.0000328025680346,0.0000328025680346,current_period,2026-09-30T08:42:15Z
TRX-USDT-SWAP,1784707200000,2026-07-22T08:00:00Z,-0.0000565123196721,-0.0000565123196721,current_period,2026-09-30T08:42:15Z
TRX-USDT-SWAP,1784736000000,2026-07-22T16:00:00Z,-0.0000143615365464,-0.0000143615365464,current_period,2026-09-30T08:42:15Z
TRX-USDT-SWAP,1784764800000,2026-07-23T00:00:00Z,0.0000179498044273,0.0000179498044273,current_period,2026-09-30T08:42:15Z
TRX-USDT-SWAP,1784793600000,2026-07-23T08:00:00Z,0.0000116564887005,0.0000116564887005,current_period,2026-09-30T08:42:15Z
TRX-USDT-SWAP,1784822400000,2026-07-23T16:00:00Z,-0.0001282134459811,-0.0001282134459811,current_period,2026-09-30T08:42:15Z
TRX-USDT-SWAP,1784851200000,2026-07-24T00:00:00Z,0.0000716016096688,0.0000716016096688,current_period,2026-09-30T08:42:15Z
TRX-USDT-SWAP,1784880000000,2026-07-24T08:00:00Z,0.0001,0.0001,current_period,2026-09-30T08:42:15Z
TRX-USDT-SWAP,1784908800000,2026-07-24T16:00:00Z,0.0000554008258276,0.0000554008258276,current_period,2026-09-30T08:42:15Z
TRX-USDT-SWAP,1784937600000,2026-07-25T00:00:00Z,-0.0000067155428363,-0.0000067155428363,current_period,2026-09-30T08:42:15Z
TRX-USDT-SWAP,1784966400000,2026-07-25T08:00:00Z,-0.0001015268809251,-0.0001015268809251,current_period,2026-09-30T08:42:15Z
TRX-USDT-SWAP,1784995200000,2026-07-25T16:00:00Z,-0.0000361510232023,-0.0000361510232023,current_period,2026-09-30T08:42:15Z
TRX-USDT-SWAP,1785024000000,2026-07-26T00:00:00Z,0.0000701825476561,0.0000701825476561,current_period,2026-09-30T08:42:15Z
TRX-USDT-SWAP,1785052800000,2026-07-26T08:00:00Z,-0.0000157168453783,-0.0000157168453783,current_period,2026-09-30T08:42:15Z
TRX-USDT-SWAP,1785081600000,2026-07-26T16:00:00Z,0.0000588636922141,0.0000588636922141,current_period,2026-09-30T08:42:15Z
TRX-USDT-SWAP,1785110400000,2026-07-27T00:00:00Z,-0.0000773407766055,-0.0000773407766055,current_period,2026-09-30T08:42:15Z
TRX-USDT-SWAP,1785139200000,2026-07-27T08:00:00Z,0.0000036166466076,0.0000036166466076,current_period,2026-09-30T08:42:15Z
TRX-USDT-SWAP,1785168000000,2026-07-27T16:00:00Z,-0.0000951739536289,-0.0000951739536289,current_period,2026-09-30T08:42:15Z
TRX-USDT-SWAP,1785196800000,2026-07-28T00:00:00Z,-0.0002580165053458,-0.0002580165053458,current_period,2026-09-30T08:42:15Z
TRX-USDT-SWAP,1785225600000,2026-07-28T08:00:00Z,-0.0001414277492397,-0.0001414277492397,current_period,2026-09-30T08:42:15Z
TRX-USDT-SWAP,1785254400000,2026-07-28T16:00:00Z,-0.0001648722363993,-0.0001648722363993,current_period,2026-09-30T08:42:15Z
TRX-USDT-SWAP,1785283200000,2026-07-29T00:00:00Z,-0.0000602790786251,-0.0000602790786251,current_period,2026-09-30T08:42:15Z
TRX-USDT-SWAP,1785312000000,2026-07-29T08:00:00Z,0.0000368466497026,0.0000368466497026,current_period,2026-09-30T08:42:15Z
TRX-USDT-SWAP,1785340800000,2026-07-29T16:00:00Z,-0.0000838613149805,-0.0000838613149805,current_period,2026-09-30T08:42:15Z
TRX-USDT-SWAP,1785369600000,2026-07-30T00:00:00Z,-0.0000743724580764,-0.0000743724580764,current_period,2026-09-30T08:42:15Z
TRX-USDT-SWAP,1785398400000,2026-07-30T08:00:00Z,-0.0000444127196474,-0.0000444127196474,current_period,2026-09-30T08:42:15Z
TRX-USDT-SWAP,1785427200000,2026-07-30T16:00:00Z,0.0000348710017663,0.0000348710017663,current_period,2026-09-30T08:42:15Z
TRX-USDT-SWAP,1785456000000,2026-07-31T00:00:00Z,-0.0000601673224839,-0.0000601673224839,current_period,2026-09-30T08:42:15Z
TRX-USDT-SWAP,1785484800000,2026-07-31T08:00:00Z,0.0000002593557034,0.0000002593557034,current_period,2026-09-30T08:42:15Z
TRX-USDT-SWAP,1785513600000,2026-07-31T16:00:00Z,-0.000155784623935,-0.000155784623935,current_period,2026-09-30T08:42:15Z
TRX-USDT-SWAP,1785542400000,2026-08-01T00:00:00Z,-0.0000542762333618,-0.0000542762333618,current_period,2026-09-30T08:42:15Z
TRX-USDT-SWAP,1785571200000,2026-08-01T08:00:00Z,0.0000727769169069,0.0000727769169069,current_period,2026-09-30T08:42:15Z
TRX-USDT-SWAP,1785600000000,2026-08-01T16:00:00Z,0.0001,0.0001,current_period,2026-09-30T08:42:15Z
TRX-USDT-SWAP,1785628800000,2026-08-02T00:00:00Z,-0.0000203295886657,-0.0000203295886657,current_period,2026-09-30T08:42:15Z
TRX-USDT-SWAP,1785657600000,2026-08-02T08:00:00Z,-0.00001852752723,-0.00001852752723,current_period,2026-09-30T08:42:15Z
TRX-USDT-SWAP,1785686400000,2026-08-02T16:00:00Z,-0.0001191106731288,-0.0001191106731288,current_period,2026-09-30T08:42:15Z
TRX-USDT-SWAP,1785715200000,2026-08-03T00:00:00Z,-0.0001490533358326,-0.0001490533358326,current_period,2026-09-30T08:42:15Z
TRX-USDT-SWAP,1785744000000,2026-08-03T08:00:00Z,-0.0002168119876461,-0.0002168119876461,current_period,2026-09-30T08:42:15Z
TRX-USDT-SWAP,1785772800000,2026-08-03T16:00:00Z,-0.0000031443399286,-0.0000031443399286,current_period,2026-09-30T08:42:15Z
TRX-USDT-SWAP,1785801600000,2026-08-04T00:00:00Z,0.0000795315322835,0.0000795315322835,current_period,2026-09-30T08:42:15Z
TRX-USDT-SWAP,1785830400000,2026-08-04T08:00:00Z,-0.0000363139111122,-0.0000363139111122,current_period,2026-09-30T08:42:15Z
TRX-USDT-SWAP,1785859200000,2026-08-04T16:00:00Z,-0.0000107333670275,-0.0000107333670275,current_period,2026-09-30T08:42:15Z
TRX-USDT-SWAP,1785888000000,2026-08-05T00:00:00Z,-0.0001841256041643,-0.0001841256041643,current_period,2026-09-30T08:42:15Z
TRX-USDT-SWAP,1785916800000,2026-08-05T08:00:00Z,-0.0001698246267799,-0.0001698246267799,current_period,2026-09-30T08:42:15Z
TRX-USDT-SWAP,1785945600000,2026-08-05T16:00:00Z,-0.0001191166835615,-0.0001191166835615,current_period,2026-09-30T08:42:15Z
TRX-USDT-SWAP,1785974400000,2026-08-06T00:00:00Z,-0.0001051750169641,-0.0001051750169641,current_period,2026-09-30T08:42:15Z
TRX-USDT-SWAP,1786003200000,2026-08-06T08:00:00Z,-0.0000614233042527,-0.0000614233042527,current_period,2026-09-30T08:42:15Z
TRX-USDT-SWAP,1786032000000,2026-08-06T16:00:00Z,-0.0000304518624993,-0.0000304518624993,current_period,2026-09-30T08:42:15Z
TRX-USDT-SWAP,1786060800000,2026-08-07T00:00:00Z,-0.0000967634321622,-0.0000967634321622,current_period,2026-09-30T08:42:15Z
TRX-USDT-SWAP,1786089600000,2026-08-07T08:00:00Z,-0.0000921930971871,-0.0000921930971871,current_period,2026-09-30T08:42:15Z
TRX-USDT-SWAP,1786118400000,2026-08-07T16:00:00Z,0.0000033627345787,0.0000033627345787,current_period,2026-09-30T08:42:15Z
TRX-USDT-SWAP,1786147200000,2026-08-08T00:00:00Z,-0.0000428905589744,-0.0000428905589744,current_period,2026-09-30T08:42:15Z
TRX-USDT-SWAP,1786176000000,2026-08-08T08:00:00Z,-0.0000720937957446,-0.0000720937957446,current_period,2026-09-30T08:42:15Z
TRX-USDT-SWAP,1786204800000,2026-08-08T16:00:00Z,-0.0000226009074048,-0.0000226009074048,current_period,2026-09-30T08:42:15Z
TRX-USDT-SWAP,1786233600000,2026-08-09T00:00:00Z,0.0000360041574198,0.0000360041574198,current_period,2026-09-30T08:42:15Z
TRX-USDT-SWAP,1786262400000,2026-08-09T08:00:00Z,0.0000407137358587,0.0000407137358587,current_period,2026-09-30T08:42:15Z
TRX-USDT-SWAP,1786291200000,2026-08-09T16:00:00Z,0.000044643146393,0.000044643146393,current_period,2026-09-30T08:42:15Z
TRX-USDT-SWAP,1786320000000,2026-08-10T00:00:00Z,-0.0000563148398566,-0.0000563148398566,current_period,2026-09-30T08:42:15Z
TRX-USDT-SWAP,1786348800000,2026-08-10T08:00:00Z,-0.0000783715581633,-0.0000783715581633,current_period,2026-09-30T08:42:15Z
TRX-USDT-SWAP,1786377600000,2026-08-10T16:00:00Z,0.0000176263953851,0.0000176263953851,current_period,2026-09-30T08:42:15Z
TRX-USDT-SWAP,1786406400000,2026-08-11T00:00:00Z,-0.0000162129282949,-0.0000162129282949,current_period,2026-09-30T08:42:15Z
TRX-USDT-SWAP,1786435200000,2026-08-11T08:00:00Z,0.0000888282619236,0.0000888282619236,current_period,2026-09-30T08:42:15Z
TRX-USDT-SWAP,1786464000000,2026-08-11T16:00:00Z,0.0000706541909502,0.0000706541909502,current_period,2026-09-30T08:42:15Z
TRX-USDT-SWAP,1786492800000,2026-08-12T00:00:00Z,0.0001,0.0001,current_period,2026-09-30T08:42:15Z
TRX-USDT-SWAP,1786521600000,2026-08-12T08:00:00Z,0.0001,0.0001,current_period,2026-09-30T08:42:15Z
TRX-USDT-SWAP,1786550400000,2026-08-12T16:00:00Z,0.0000581181189937,0.0000581181189937,current_period,2026-09-30T08:42:15Z
TRX-USDT-SWAP,1786579200000,2026-08-13T00:00:00Z,0.0000779328390316,0.0000779328390316,current_period,2026-09-30T08:42:15Z
TRX-USDT-SWAP,1786608000000,2026-08-13T08:00:00Z,0.0000952711932469,0.0000952711932469,current_period,2026-09-30T08:42:15Z
TRX-USDT-SWAP,1786636800000,2026-08-13T16:00:00Z,0.0000414299549654,0.0000414299549654,current_period,2026-09-30T08:42:15Z
TRX-USDT-SWAP,1786665600000,2026-08-14T00:00:00Z,0.0001,0.0001,current_period,2026-09-30T08:42:15Z
TRX-USDT-SWAP,1786694400000,2026-08-14T08:00:00Z,0.0000527579890688,0.0000527579890688,current_period,2026-09-30T08:42:15Z
TRX-USDT-SWAP,1786723200000,2026-08-14T16:00:00Z,0.0000501484441845,0.0000501484441845,current_period,2026-09-30T08:42:15Z
TRX-USDT-SWAP,1786752000000,2026-08-15T00:00:00Z,0.000038019746004,0.000038019746004,current_period,2026-09-30T08:42:15Z
TRX-USDT-SWAP,1786780800000,2026-08-15T08:00:00Z,0.0000642917591664,0.0000642917591664,current_period,2026-09-30T08:42:15Z
TRX-USDT-SWAP,1786809600000,2026-08-15T16:00:00Z,-0.0000390603780314,-0.0000390603780314,current_period,2026-09-30T08:42:15Z
TRX-USDT-SWAP,1786838400000,2026-08-16T00:00:00Z,-0.0000078787075642,-0.0000078787075642,current_period,2026-09-30T08:42:15Z
TRX-USDT-SWAP,1786867200000,2026-08-16T08:00:00Z,-0.0000144373839614,-0.0000144373839614,current_period,2026-09-30T08:42:15Z
TRX-USDT-SWAP,1786896000000,2026-08-16T16:00:00Z,0.0000540504598019,0.0000540504598019,current_period,2026-09-30T08:42:15Z
TRX-USDT-SWAP,1786924800000,2026-08-17T00:00:00Z,-0.0000874591024677,-0.0000874591024677,current_period,2026-09-30T08:42:15Z
TRX-USDT-SWAP,1786953600000,2026-08-17T08:00:00Z,0.0000680917005189,0.0000680917005189,current_period,2026-09-30T08:42:15Z
TRX-USDT-SWAP,1786982400000,2026-08-17T16:00:00Z,-0.000056499750965,-0.000056499750965,current_period,2026-09-30T08:42:15Z
TRX-USDT-SWAP,1787011200000,2026-08-18T00:00:00Z,-0.000103487048929,-0.000103487048929,current_period,2026-09-30T08:42:15Z
TRX-USDT-SWAP,1787040000000,2026-08-18T08:00:00Z,-0.0000536122387166,-0.0000536122387166,current_period,2026-09-30T08:42:15Z
TRX-USDT-SWAP,1787068800000,2026-08-18T16:00:00Z,-0.0000213352963805,-0.0000213352963805,current_period,2026-09-30T08:42:15Z
TRX-USDT-SWAP,1787097600000,2026-08-19T00:00:00Z,-0.0000884970197842,-0.0000884970197842,current_period,2026-09-30T08:42:15Z
TRX-USDT-SWAP,1787126400000,2026-08-19T08:00:00Z,0.000028814691017,0.000028814691017,current_period,2026-09-30T08:42:15Z
TRX-USDT-SWAP,1787155200000,2026-08-19T16:00:00Z,-0.0001322672984349,-0.0001322672984349,current_period,2026-09-30T08:42:15Z
TRX-USDT-SWAP,1787184000000,2026-08-20T00:00:00Z,0.0000929871346219,0.0000929871346219,current_period,2026-09-30T08:42:15Z
TRX-USDT-SWAP,1787212800000,2026-08-20T08:00:00Z,0.0000303544470078,0.0000303544470078,current_period,2026-09-30T08:42:15Z
TRX-USDT-SWAP,1787241600000,2026-08-20T16:00:00Z,0.0001,0.0001,current_period,2026-09-30T08:42:15Z
TRX-USDT-SWAP,1787270400000,2026-08-21T00:00:00Z,0.0000932343727721,0.0000932343727721,current_period,2026-09-30T08:42:15Z
TRX-USDT-SWAP,1787299200000,2026-08-21T08:00:00Z,0.0001,0.0001,current_period,2026-09-30T08:42:15Z
TRX-USDT-SWAP,1787328000000,2026-08-21T16:00:00Z,0.0001,0.0001,current_period,2026-09-30T08:42:15Z
TRX-USDT-SWAP,1787356800000,2026-08-22T00:00:00Z,0.0001,0.0001,current_period,2026-09-30T08:42:15Z
TRX-USDT-SWAP,1787385600000,2026-08-22T08:00:00Z,0.0001,0.0001,current_period,2026-09-30T08:42:15Z
TRX-USDT-SWAP,1787414400000,2026-08-22T16:00:00Z,0.0001,0.0001,current_period,2026-09-30T08:42:15Z
TRX-USDT-SWAP,1787443200000,2026-08-23T00:00:00Z,0.0001,0.0001,current_period,2026-09-30T08:42:15Z
TRX-USDT-SWAP,1787472000000,2026-08-23T08:00:00Z,0.0001,0.0001,current_period,2026-09-30T08:42:15Z
TRX-USDT-SWAP,1787500800000,2026-08-23T16:00:00Z,0.0001,0.0001,current_period,2026-09-30T08:42:15Z
TRX-USDT-SWAP,1787529600000,2026-08-24T00:00:00Z,0.0001,0.0001,current_period,2026-09-30T08:42:15Z
TRX-USDT-SWAP,1787558400000,2026-08-24T08:00:00Z,0.0001,0.0001,current_period,2026-09-30T08:42:15Z
TRX-USDT-SWAP,1787587200000,2026-08-24T16:00:00Z,0.0001,0.0001,current_period,2026-09-30T08:42:15Z
TRX-USDT-SWAP,1787616000000,2026-08-25T00:00:00Z,0.0001,0.0001,current_period,2026-09-30T08:42:15Z
TRX-USDT-SWAP,1787644800000,2026-08-25T08:00:00Z,0.0001,0.0001,current_period,2026-09-30T08:42:15Z
TRX-USDT-SWAP,1787673600000,2026-08-25T16:00:00Z,0.0001,0.0001,current_period,2026-09-30T08:42:15Z
TRX-USDT-SWAP,1787702400000,2026-08-26T00:00:00Z,-0.000149243958046,-0.000149243958046,current_period,2026-09-30T08:42:15Z
TRX-USDT-SWAP,1787731200000,2026-08-26T08:00:00Z,0.0000476385901694,0.0000476385901694,current_period,2026-09-30T08:42:15Z
TRX-USDT-SWAP,1787760000000,2026-08-26T16:00:00Z,-0.0003126197223987,-0.0003126197223987,current_period,2026-09-30T08:42:15Z
TRX-USDT-SWAP,1787788800000,2026-08-27T00:00:00Z,0.0000980408246331,0.0000980408246331,current_period,2026-09-30T08:42:15Z
TRX-USDT-SWAP,1787817600000,2026-08-27T08:00:00Z,-0.0000834040981337,-0.0000834040981337,current_period,2026-09-30T08:42:15Z
TRX-USDT-SWAP,1787846400000,2026-08-27T16:00:00Z,0.0000243560019177,0.0000243560019177,current_period,2026-09-30T08:42:15Z
TRX-USDT-SWAP,1787875200000,2026-08-28T00:00:00Z,-0.0000457955027404,-0.0000457955027404,current_period,2026-09-30T08:42:15Z
TRX-USDT-SWAP,1787904000000,2026-08-28T08:00:00Z,0.0001,0.0001,current_period,2026-09-30T08:42:15Z
TRX-USDT-SWAP,1787932800000,2026-08-28T16:00:00Z,0.0001,0.0001,current_period,2026-09-30T08:42:15Z
TRX-USDT-SWAP,1787961600000,2026-08-29T00:00:00Z,0.0001,0.0001,current_period,2026-09-30T08:42:15Z
TRX-USDT-SWAP,1787990400000,2026-08-29T08:00:00Z,0.0000908577611533,0.0000908577611533,current_period,2026-09-30T08:42:15Z
TRX-USDT-SWAP,1788019200000,2026-08-29T16:00:00Z,-0.0001711757211078,-0.0001711757211078,current_period,2026-09-30T08:42:15Z
TRX-USDT-SWAP,1788048000000,2026-08-30T00:00:00Z,0.0001,0.0001,current_period,2026-09-30T08:42:15Z
TRX-USDT-SWAP,1788076800000,2026-08-30T08:00:00Z,0.0001,0.0001,current_period,2026-09-30T08:42:15Z
TRX-USDT-SWAP,1788105600000,2026-08-30T16:00:00Z,0.0001,0.0001,current_period,2026-09-30T08:42:15Z
TRX-USDT-SWAP,1788134400000,2026-08-31T00:00:00Z,-0.0001234413973243,-0.0001234413973243,current_period,2026-09-30T08:42:15Z
TRX-USDT-SWAP,1788163200000,2026-08-31T08:00:00Z,-0.0001384764683493,-0.0001384764683493,current_period,2026-09-30T08:42:15Z
TRX-USDT-SWAP,1788192000000,2026-08-31T16:00:00Z,-0.0003701324969653,-0.0003701324969653,current_period,2026-09-30T08:42:15Z
TRX-USDT-SWAP,1788220800000,2026-09-01T00:00:00Z,-0.0004522827883174,-0.0004522827883174,current_period,2026-09-30T08:42:15Z
TRX-USDT-SWAP,1788249600000,2026-09-01T08:00:00Z,-0.0004906749356704,-0.0004906749356704,current_period,2026-09-30T08:42:15Z
TRX-USDT-SWAP,1788278400000,2026-09-01T16:00:00Z,-0.0015739889588277,-0.0015739889588277,current_period,2026-09-30T08:42:15Z
TRX-USDT-SWAP,1788307200000,2026-09-02T00:00:00Z,-0.0015970354658773,-0.0015970354658773,current_period,2026-09-30T08:42:15Z
TRX-USDT-SWAP,1788336000000,2026-09-02T08:00:00Z,-0.0007170058700354,-0.0007170058700354,current_period,2026-09-30T08:42:15Z
TRX-USDT-SWAP,1788364800000,2026-09-02T16:00:00Z,-0.0002609307414473,-0.0002609307414473,current_period,2026-09-30T08:42:15Z
TRX-USDT-SWAP,1788393600000,2026-09-03T00:00:00Z,-0.0003715202793953,-0.0003715202793953,current_period,2026-09-30T08:42:15Z
TRX-USDT-SWAP,1788422400000,2026-09-03T08:00:00Z,-0.0002612627052271,-0.0002612627052271,current_period,2026-09-30T08:42:15Z
TRX-USDT-SWAP,1788451200000,2026-09-03T16:00:00Z,-0.0001589975143533,-0.0001589975143533,current_period,2026-09-30T08:42:15Z
TRX-USDT-SWAP,1788480000000,2026-09-04T00:00:00Z,-0.000265214766743,-0.000265214766743,current_period,2026-09-30T08:42:15Z
TRX-USDT-SWAP,1788508800000,2026-09-04T08:00:00Z,-0.000793842560237,-0.000793842560237,current_period,2026-09-30T08:42:15Z
TRX-USDT-SWAP,1788537600000,2026-09-04T16:00:00Z,-0.0000558683192036,-0.0000558683192036,current_period,2026-09-30T08:42:15Z
TRX-USDT-SWAP,1788566400000,2026-09-05T00:00:00Z,-0.0000894605466173,-0.0000894605466173,current_period,2026-09-30T08:42:15Z
TRX-USDT-SWAP,1788595200000,2026-09-05T08:00:00Z,-0.0000994266498439,-0.0000994266498439,current_period,2026-09-30T08:42:15Z
TRX-USDT-SWAP,1788624000000,2026-09-05T16:00:00Z,-0.0001565419159893,-0.0001565419159893,current_period,2026-09-30T08:42:15Z
TRX-USDT-SWAP,1788652800000,2026-09-06T00:00:00Z,-0.0001155216179756,-0.0001155216179756,current_period,2026-09-30T08:42:15Z
TRX-USDT-SWAP,1788681600000,2026-09-06T08:00:00Z,-0.0002433707831063,-0.0002433707831063,current_period,2026-09-30T08:42:15Z
TRX-USDT-SWAP,1788710400000,2026-09-06T16:00:00Z,-0.0000457933962371,-0.0000457933962371,current_period,2026-09-30T08:42:15Z
TRX-USDT-SWAP,1788739200000,2026-09-07T00:00:00Z,-0.0000865097762248,-0.0000865097762248,current_period,2026-09-30T08:42:15Z
TRX-USDT-SWAP,1788768000000,2026-09-07T08:00:00Z,-0.0000567977128137,-0.0000567977128137,current_period,2026-09-30T08:42:15Z
TRX-USDT-SWAP,1788796800000,2026-09-07T16:00:00Z,-0.000167909640402,-0.000167909640402,current_period,2026-09-30T08:42:15Z
TRX-USDT-SWAP,1788825600000,2026-09-08T00:00:00Z,-0.0001590287999757,-0.0001590287999757,current_period,2026-09-30T08:42:15Z
TRX-USDT-SWAP,1788854400000,2026-09-08T08:00:00Z,0.0000059236985896,0.0000059236985896,current_period,2026-09-30T08:42:15Z
TRX-USDT-SWAP,1788883200000,2026-09-08T16:00:00Z,0.000023884613312,0.000023884613312,current_period,2026-09-30T08:42:15Z
TRX-USDT-SWAP,1788912000000,2026-09-09T00:00:00Z,0.0000143609606044,0.0000143609606044,current_period,2026-09-30T08:42:15Z
TRX-USDT-SWAP,1788940800000,2026-09-09T08:00:00Z,-0.0000491001261306,-0.0000491001261306,current_period,2026-09-30T08:42:15Z
TRX-USDT-SWAP,1788969600000,2026-09-09T16:00:00Z,-0.0001808628198784,-0.0001808628198784,current_period,2026-09-30T08:42:15Z
TRX-USDT-SWAP,1788998400000,2026-09-10T00:00:00Z,0.0000015267110036,0.0000015267110036,current_period,2026-09-30T08:42:15Z
TRX-USDT-SWAP,1789027200000,2026-09-10T08:00:00Z,-0.0000346094144586,-0.0000346094144586,current_period,2026-09-30T08:42:15Z
TRX-USDT-SWAP,1789056000000,2026-09-10T16:00:00Z,-0.000097658920991,-0.000097658920991,current_period,2026-09-30T08:42:15Z
TRX-USDT-SWAP,1789084800000,2026-09-11T00:00:00Z,-0.0000781786128252,-0.0000781786128252,current_period,2026-09-30T08:42:15Z
TRX-USDT-SWAP,1789113600000,2026-09-11T08:00:00Z,-0.0000578397409893,-0.0000578397409893,current_period,2026-09-30T08:42:15Z
TRX-USDT-SWAP,1789142400000,2026-09-11T16:00:00Z,-0.0004459217401516,-0.0004459217401516,current_period,2026-09-30T08:42:15Z
TRX-USDT-SWAP,1789171200000,2026-09-12T00:00:00Z,-0.000049001739309,-0.000049001739309,current_period,2026-09-30T08:42:15Z
TRX-USDT-SWAP,1789200000000,2026-09-12T08:00:00Z,0.0001,0.0001,current_period,2026-09-30T08:42:15Z
TRX-USDT-SWAP,1789228800000,2026-09-12T16:00:00Z,-0.0000994440974203,-0.0000994440974203,current_period,2026-09-30T08:42:15Z
TRX-USDT-SWAP,1789257600000,2026-09-13T00:00:00Z,-0.0000104344345123,-0.0000104344345123,current_period,2026-09-30T08:42:15Z
TRX-USDT-SWAP,1789286400000,2026-09-13T08:00:00Z,-0.0000332024372402,-0.0000332024372402,current_period,2026-09-30T08:42:15Z
TRX-USDT-SWAP,1789315200000,2026-09-13T16:00:00Z,0.0000652543115945,0.0000652543115945,current_period,2026-09-30T08:42:15Z
TRX-USDT-SWAP,1789344000000,2026-09-14T00:00:00Z,-0.0001452241623388,-0.0001452241623388,current_period,2026-09-30T08:42:15Z
TRX-USDT-SWAP,1789372800000,2026-09-14T08:00:00Z,-0.0002480134920464,-0.0002480134920464,current_period,2026-09-30T08:42:15Z
TRX-USDT-SWAP,1789401600000,2026-09-14T16:00:00Z,0.0000929141745403,0.0000929141745403,current_period,2026-09-30T08:42:15Z
TRX-USDT-SWAP,1789430400000,2026-09-15T00:00:00Z,-0.0003199723413567,-0.0003199723413567,current_period,2026-09-30T08:42:15Z
TRX-USDT-SWAP,1789459200000,2026-09-15T08:00:00Z,-0.0004622029384265,-0.0004622029384265,current_period,2026-09-30T08:42:15Z
TRX-USDT-SWAP,1789488000000,2026-09-15T16:00:00Z,-0.0002670203410656,-0.0002670203410656,current_period,2026-09-30T08:42:15Z
TRX-USDT-SWAP,1789516800000,2026-09-16T00:00:00Z,-0.0004407221342713,-0.0004407221342713,current_period,2026-09-30T08:42:15Z
TRX-USDT-SWAP,1789545600000,2026-09-16T08:00:00Z,0.0000352001500731,0.0000352001500731,current_period,2026-09-30T08:42:15Z
TRX-USDT-SWAP,1789574400000,2026-09-16T16:00:00Z,-0.0000475310904653,-0.0000475310904653,current_period,2026-09-30T08:42:15Z
TRX-USDT-SWAP,1789603200000,2026-09-17T00:00:00Z,-0.0000597471754634,-0.0000597471754634,current_period,2026-09-30T08:42:15Z
TRX-USDT-SWAP,1789632000000,2026-09-17T08:00:00Z,-0.0001617475010869,-0.0001617475010869,current_period,2026-09-30T08:42:15Z
TRX-USDT-SWAP,1789660800000,2026-09-17T16:00:00Z,-0.0002467922886821,-0.0002467922886821,current_period,2026-09-30T08:42:15Z
TRX-USDT-SWAP,1789689600000,2026-09-18T00:00:00Z,-0.00021134853595,-0.00021134853595,current_period,2026-09-30T08:42:15Z
TRX-USDT-SWAP,1789718400000,2026-09-18T08:00:00Z,-0.0000336949183737,-0.0000336949183737,current_period,2026-09-30T08:42:15Z
TRX-USDT-SWAP,1789747200000,2026-09-18T16:00:00Z,0.000072475501507,0.000072475501507,current_period,2026-09-30T08:42:15Z
TRX-USDT-SWAP,1789776000000,2026-09-19T00:00:00Z,0.0000025008357291,0.0000025008357291,current_period,2026-09-30T08:42:15Z
TRX-USDT-SWAP,1789804800000,2026-09-19T08:00:00Z,0.0000148603319107,0.0000148603319107,current_period,2026-09-30T08:42:15Z
TRX-USDT-SWAP,1789833600000,2026-09-19T16:00:00Z,-0.0000102064305454,-0.0000102064305454,current_period,2026-09-30T08:42:15Z
TRX-USDT-SWAP,1789862400000,2026-09-20T00:00:00Z,0.0000713075517918,0.0000713075517918,current_period,2026-09-30T08:42:15Z
TRX-USDT-SWAP,1789891200000,2026-09-20T08:00:00Z,0.0001,0.0001,current_period,2026-09-30T08:42:15Z
TRX-USDT-SWAP,1789920000000,2026-09-20T16:00:00Z,-0.0000230213347867,-0.0000230213347867,current_period,2026-09-30T08:42:15Z
TRX-USDT-SWAP,1789948800000,2026-09-21T00:00:00Z,-0.0000408240073962,-0.0000408240073962,current_period,2026-09-30T08:42:15Z
TRX-USDT-SWAP,1789977600000,2026-09-21T08:00:00Z,0.0000515963674999,0.0000515963674999,current_period,2026-09-30T08:42:15Z
TRX-USDT-SWAP,1790006400000,2026-09-21T16:00:00Z,0.0000281645662857,0.0000281645662857,current_period,2026-09-30T08:42:15Z
TRX-USDT-SWAP,1790035200000,2026-09-22T00:00:00Z,0.0000366653407515,0.0000366653407515,current_period,2026-09-30T08:42:15Z
TRX-USDT-SWAP,1790064000000,2026-09-22T08:00:00Z,0.0001,0.0001,current_period,2026-09-30T08:42:15Z
TRX-USDT-SWAP,1790092800000,2026-09-22T16:00:00Z,-0.0001757063314521,-0.0001757063314521,current_period,2026-09-30T08:42:15Z
TRX-USDT-SWAP,1790121600000,2026-09-23T00:00:00Z,-0.0002199456259798,-0.0002199456259798,current_period,2026-09-30T08:42:15Z
TRX-USDT-SWAP,1790150400000,2026-09-23T08:00:00Z,0.0001,0.0001,current_period,2026-09-30T08:42:15Z
TRX-USDT-SWAP,1790179200000,2026-09-23T16:00:00Z,-0.0002878145299952,-0.0002878145299952,current_period,2026-09-30T08:42:15Z
TRX-USDT-SWAP,1790208000000,2026-09-24T00:00:00Z,-0.0000831428945034,-0.0000831428945034,current_period,2026-09-30T08:42:15Z
TRX-USDT-SWAP,1790236800000,2026-09-24T08:00:00Z,0.0001,0.0001,current_period,2026-09-30T08:42:15Z
TRX-USDT-SWAP,1790265600000,2026-09-24T16:00:00Z,-0.0001747562545877,-0.0001747562545877,current_period,2026-09-30T08:42:15Z
TRX-USDT-SWAP,1790294400000,2026-09-25T00:00:00Z,-0.0000666250171486,-0.0000666250171486,current_period,2026-09-30T08:42:15Z
TRX-USDT-SWAP,1790323200000,2026-09-25T08:00:00Z,-0.0002463258070782,-0.0002463258070782,current_period,2026-09-30T08:42:15Z
TRX-USDT-SWAP,1790352000000,2026-09-25T16:00:00Z,-0.0000937006197554,-0.0000937006197554,current_period,2026-09-30T08:42:15Z
TRX-USDT-SWAP,1790380800000,2026-09-26T00:00:00Z,0.0000035984448307,0.0000035984448307,current_period,2026-09-30T08:42:15Z
TRX-USDT-SWAP,1790409600000,2026-09-26T08:00:00Z,-0.0001928161796891,-0.0001928161796891,current_period,2026-09-30T08:42:15Z
TRX-USDT-SWAP,1790438400000,2026-09-26T16:00:00Z,-0.0002309559655321,-0.0002309559655321,current_period,2026-09-30T08:42:15Z
TRX-USDT-SWAP,1790467200000,2026-09-27T00:00:00Z,-0.0003226992115653,-0.0003226992115653,current_period,2026-09-30T08:42:15Z
TRX-USDT-SWAP,1790496000000,2026-09-27T08:00:00Z,-0.0004381014277162,-0.0004381014277162,current_period,2026-09-30T08:42:15Z
TRX-USDT-SWAP,1790524800000,2026-09-27T16:00:00Z,-0.00024723349065,-0.00024723349065,current_period,2026-09-30T08:42:15Z
TRX-USDT-SWAP,1790553600000,2026-09-28T00:00:00Z,-0.0003358025146496,-0.0003358025146496,current_period,2026-09-30T08:42:15Z
TRX-USDT-SWAP,1790582400000,2026-09-28T08:00:00Z,-0.0001932680771357,-0.0001932680771357,current_period,2026-09-30T08:42:15Z
TRX-USDT-SWAP,1790611200000,2026-09-28T16:00:00Z,-0.0001992838538589,-0.0001992838538589,current_period,2026-09-30T08:42:15Z
TRX-USDT-SWAP,1790640000000,2026-09-29T00:00:00Z,-0.000049154706398,-0.000049154706398,current_period,2026-09-30T08:42:15Z
TRX-USDT-SWAP,1790668800000,2026-09-29T08:00:00Z,-0.0002309207639874,-0.0002309207639874,current_period,2026-09-30T08:42:15Z
TRX-USDT-SWAP,1790697600000,2026-09-29T16:00:00Z,-0.0002568395302304,-0.0002568395302304,current_period,2026-09-30T08:42:15Z
TRX-USDT-SWAP,1790726400000,2026-09-30T00:00:00Z,-0.0001729738616803,-0.0001729738616803,current_period,2026-09-30T08:42:15Z
TRX-USDT-SWAP,1790755200000,2026-09-30T08:00:00Z,0.0000658968637271,0.0000658968637271,current_period,2026-09-30T08:42:15Z
TRX-USDT-SWAP,1790784000000,2026-09-30T16:00:00Z,0.0001,0.0001,current_period,2026-10-01T09:04:42Z
TRX-USDT-SWAP,1790812800000,2026-10-01T00:00:00Z,0.0000096404901956,0.0000096404901956,current_period,2026-10-01T09:04:42Z
TRX-USDT-SWAP,1790841600000,2026-10-01T08:00:00Z,0.000039145153136,0.000039145153136,current_period,2026-10-01T09:04:42Z
TRX-USDT-SWAP,1790870400000,2026-10-01T16:00:00Z,-0.0008398820942395,-0.0008398820942395,current_period,2026-10-02T08:39:20Z
TRX-USDT-SWAP,1790899200000,2026-10-02T00:00:00Z,-0.0002751272026262,-0.0002751272026262,current_period,2026-10-02T08:39:20Z
TRX-USDT-SWAP,1790928000000,2026-10-02T08:00:00Z,-0.0002096550413411,-0.0002096550413411,current_period,2026-10-02T08:39:20Z
TRX-USDT-SWAP,1790956800000,2026-10-02T16:00:00Z,-0.0004225778362223,-0.0004225778362223,current_period,2026-10-03T08:17:14Z
TRX-USDT-SWAP,1790985600000,2026-10-03T00:00:00Z,-0.0002950586310476,-0.0002950586310476,current_period,2026-10-03T08:17:14Z
TRX-USDT-SWAP,1791014400000,2026-10-03T08:00:00Z,-0.000162105715561,-0.000162105715561,current_period,2026-10-03T08:17:14Z
TRX-USDT-SWAP,1791043200000,2026-10-03T16:00:00Z,-0.0000934671220735,-0.0000934671220735,current_period,2026-10-04T08:32:06Z
TRX-USDT-SWAP,1791072000000,2026-10-04T00:00:00Z,-0.0002475370849396,-0.0002475370849396,current_period,2026-10-04T08:32:06Z
TRX-USDT-SWAP,1791100800000,2026-10-04T08:00:00Z,-0.0001750051119072,-0.0001750051119072,current_period,2026-10-04T08:32:06Z
TRX-USDT-SWAP,1791129600000,2026-10-04T16:00:00Z,-0.0001228560504357,-0.0001228560504357,current_period,2026-10-05T09:14:10Z
TRX-USDT-SWAP,1791158400000,2026-10-05T00:00:00Z,-0.0002289608464513,-0.0002289608464513,current_period,2026-10-05T09:14:10Z
TRX-USDT-SWAP,1791187200000,2026-10-05T08:00:00Z,-0.0004302335067158,-0.0004302335067158,current_period,2026-10-05T09:14:10Z
