period,symbol,model,first_bar,last_bar,bars,years,trades,win_rate_pct,profit_factor,avg_r,avg_win_pct,avg_loss_pct,payoff,max_drawdown_pct,account_max_drawdown_pct,total_return_pct,buy_hold_pct,cost_pct,cost_per_r,fees,slippage_cost,funding,avg_stop_distance_pct,median_hold_bars,max_hold_bars
A,BTC-USDT-SWAP,ema_trend,2022-01-01T04:00:00+00:00,2024-12-30T20:00:00+00:00,6569,3.0,45,46.666666666666664,1.54937711390783,0.3152865911679909,4.500689421005944,-2.5493659240008233,1.7654152268352399,-5.454150469999999,-5.125655887460923,14.651110899999997,98.29223836010436,0.17065398047797695,0.08187140199682841,356.51454542400006,47.535291415100005,0.0,2.37233287386313,9.0,46.0
A,BTC-USDT-SWAP,trend,2022-01-01T04:00:00+00:00,2024-12-30T20:00:00+00:00,6569,3.0,155,36.774193548387096,1.1936607784003697,0.046547255821489296,2.1081976893556336,-1.1560599977657962,1.8236057760236843,-9.628451014120001,-9.559334424371457,6.993234300000006,98.29223836010436,0.24110889253857437,0.09017846411030246,859.7517277609995,518.9727057473999,0.0,3.2783216337053904,1.0,9.0
A,ETH-USDT-SWAP,ema_trend,2022-01-01T04:00:00+00:00,2024-12-30T20:00:00+00:00,6569,3.0,45,37.77777777777778,1.0911565685659488,0.06038782739850844,5.0582160870049355,-2.9380556648642058,1.7216202359592536,-5.657567375999999,-5.8516430439215945,2.275658600000008,-9.698980482759545,0.17022742991170428,0.07216660059844857,291.24391435600006,38.832527490599986,0.0,2.7219364757917264,6.0,40.0
A,ETH-USDT-SWAP,trend,2022-01-01T04:00:00+00:00,2024-12-30T20:00:00+00:00,6569,3.0,165,38.18181818181819,0.8413943003239777,-0.035414265067810445,1.9905145235805586,-1.4560752417027578,1.3670409787703133,-8.1135650543584,-8.236948611831242,-5.920570869999997,-9.698980482759545,0.23091652521626038,0.06736837196788309,713.780640814,385.0192915141,0.0,4.135475179614797,1.0,11.0
A,SOL-USDT-SWAP,ema_trend,2022-01-01T04:00:00+00:00,2024-12-30T20:00:00+00:00,6569,3.0,46,32.608695652173914,0.9070507143887587,-0.06522418091273466,8.332500834068254,-4.334865866121377,1.9222049981269114,-10.7771401308,-11.188185905601422,-3.3927801100000043,10.615836455298112,0.16988064046171417,0.04473001141005459,175.17437990600007,23.356582579999998,0.0,4.2044738478054855,7.0,38.0
A,SOL-USDT-SWAP,trend,2022-01-01T04:00:00+00:00,2024-12-30T20:00:00+00:00,6569,3.0,184,38.58695652173913,1.0115862668535738,0.002444210462576285,3.5750753242444815,-2.303744948164799,1.5518537879344867,-8.541312324072003,-8.475756295076176,0.1518971000000091,10.615836455298112,0.2464458091209915,0.04360724718503589,485.8850550297998,311.4750376571001,0.0,7.0405053421925485,1.0,9.0
A,XRP-USDT-SWAP,ema_trend,2022-01-01T04:00:00+00:00,2024-12-30T20:00:00+00:00,6569,3.0,51,21.568627450980394,0.5017056291421148,-0.41323922204432445,6.019159533576691,-3.158402444868822,1.9057607884503411,-21.287352025500002,-20.882351490199635,-19.347912880000006,144.7281458764235,0.1691246366198004,0.06085182335636119,244.87773105999995,32.65034756800001,0.0,3.025520982545028,7.0,22.0
A,XRP-USDT-SWAP,trend,2022-01-01T04:00:00+00:00,2024-12-30T20:00:00+00:00,6569,3.0,130,33.84615384615385,0.6767482164743869,-0.08561232241170603,2.3617864193050546,-1.759219791062117,1.3425192413729852,-16.925256313102004,-16.19415136708384,-10.70835846,144.7281458764235,0.2483098788706987,0.06532907466422484,506.14666870249994,331.5182163286003,0.0,4.536165884348532,1.0,13.0
A,DOGE-USDT-SWAP,ema_trend,2022-01-01T04:00:00+00:00,2024-12-30T20:00:00+00:00,6569,3.0,49,24.489795918367346,0.5944688828657579,-0.32228771901059994,7.395099245322544,-3.6015622226640605,2.0533032023676716,-19.1163179181,-19.32836462510218,-14.972163249999992,83.04727035283692,0.16928247900560814,0.05800950801787908,225.09779817800003,30.013027336599997,0.0,3.529067358110706,6.0,39.0
A,DOGE-USDT-SWAP,trend,2022-01-01T04:00:00+00:00,2024-12-30T20:00:00+00:00,6569,3.0,151,37.74834437086093,0.7166514083676067,-0.07079867471770979,2.607087501901921,-2.257449355522219,1.1548819447596508,-10.825291737522997,-11.166023768348488,-10.343210390000001,83.04727035283692,0.25626204587313867,0.053695022207466456,456.90878753640004,325.1206827132001,0.0,5.813927852453209,1.0,8.0
A,BNB-USDT-SWAP,ema_trend,2022-12-23T04:00:00+00:00,2024-12-30T20:00:00+00:00,4433,2.02,27,44.44444444444444,1.4017125271306528,0.24227569850739686,4.637777158816481,-2.2906738813043064,2.0246344085329757,-5.750694559000001,-5.977319125192837,6.43756590000002,nan,0.17051483115124885,0.08975031617072407,212.766299671,28.368848808700005,0.0,2.2596268221545595,10.0,129.0
A,BNB-USDT-SWAP,trend,2022-12-23T04:00:00+00:00,2024-12-30T20:00:00+00:00,4433,2.02,94,38.297872340425535,0.8233470345612942,-0.04447855734314464,1.8436532491092865,-1.2360474267245887,1.4915716090237712,-9.587064426659998,-9.809677009648299,-4.2784749600000005,nan,0.23636729813257423,0.0902470734011152,510.42239790300005,292.4826493127001,0.0,3.201046407410577,1.0,8.0
A,AVAX-USDT-SWAP,ema_trend,2022-01-01T04:00:00+00:00,2024-12-30T20:00:00+00:00,6569,3.0,32,31.25,0.8439550559576456,-0.11169161371617584,8.204128125907767,-4.442111768546144,1.8468981766734993,-11.298365131999999,-11.203312053733772,-3.8044623800000066,-67.21846159452639,0.1697510409768565,0.04467795531374918,128.726482565,17.1635286638,0.0,4.26853521268151,10.0,41.0
A,AVAX-USDT-SWAP,trend,2022-01-01T04:00:00+00:00,2024-12-30T20:00:00+00:00,6569,3.0,171,42.10526315789473,1.1796116964859529,0.03758185566295172,3.360053969152084,-2.158325657781256,1.5567872980791029,-5.272930242013999,-5.262762059292858,6.2646897999999895,-67.21846159452639,0.2628291992897983,0.051896592715548515,528.3532879027001,396.46540519120003,0.0,6.235939028974967,1.0,13.0
A,LINK-USDT-SWAP,ema_trend,2022-01-01T04:00:00+00:00,2024-12-30T20:00:00+00:00,6569,3.0,47,34.04255319148936,0.9531175976705853,-0.03239793758846339,6.896084817007943,-3.846575404025997,1.7927855540775812,-12.194547544399997,-12.125943607664357,-1.9701553400000016,4.097324093277366,0.17000723643039367,0.051857669594799226,208.86921195799997,27.849228657099992,0.0,3.6425173844497576,5.0,54.0
A,LINK-USDT-SWAP,trend,2022-01-01T04:00:00+00:00,2024-12-30T20:00:00+00:00,6569,3.0,163,34.96932515337423,0.8761169917541362,-0.028732929507949714,2.863737779253356,-2.1024082604991055,1.362122587253112,-10.839708007233002,-11.009299545651263,-4.954769539999992,4.097324093277366,0.2403248321067919,0.04759843236370872,462.68708819990013,278.08824184900004,0.0,6.011141199660093,1.0,11.0
A,ADA-USDT-SWAP,ema_trend,2022-01-01T04:00:00+00:00,2024-12-30T20:00:00+00:00,6569,3.0,35,40.0,1.2200723698604579,0.13919721054339007,6.4831546452976685,-3.4964790210585166,1.854195207879432,-5.962929069000002,-5.570315051257834,4.59970890000001,-34.96229534183291,0.17044576418188814,0.057401866682431316,184.949824684,24.659983320699993,0.0,3.3446799960677596,9.0,72.0
A,ADA-USDT-SWAP,trend,2022-01-01T04:00:00+00:00,2024-12-30T20:00:00+00:00,6569,3.0,168,39.285714285714285,0.9400151351489323,-0.012468609524296374,2.311007775724012,-1.7343665298531068,1.332479459183143,-6.260042597676,-6.103085485952386,-2.3740625200000087,-34.96229534183291,0.26146558653026675,0.061560479502896656,592.8309414820003,440.0331007315999,0.0,5.223854150516705,1.0,9.0
A,SUI-USDT-SWAP,ema_trend,2023-05-05T00:00:00+00:00,2024-12-30T20:00:00+00:00,3636,1.66,21,23.809523809523807,0.5918472722776065,-0.3202689244054676,8.739559884823427,-6.129751266166659,1.4257609330841339,-8.9920893979,-8.942653674020384,-6.672009379999999,nan,0.16878701982390934,0.035231054742716775,63.051582581,8.4068717202,0.0,5.61498632577559,4.0,14.0
A,SUI-USDT-SWAP,trend,2023-05-05T00:00:00+00:00,2024-12-30T20:00:00+00:00,3636,1.66,68,44.11764705882353,1.5101183286919038,0.08962711715949274,3.573519216886778,-2.332100348543346,1.5323179464034793,-3.0735873482,-2.957795503705918,6.144663699999997,nan,0.25417498956573154,0.04059439161135117,169.62413922399992,118.74052988930003,0.0,7.172887386708877,1.0,5.0
A,NEAR-USDT-SWAP,ema_trend,2022-01-01T04:00:00+00:00,2024-12-30T20:00:00+00:00,6569,3.0,45,35.55555555555556,1.0340322719445354,0.02281544182973691,8.673757950445921,-4.667090849121674,1.8584934878819177,-12.171767817100001,-12.94805143048957,0.5699969000000138,-65.75193735325652,0.17017320871302055,0.04298919576818346,159.61853789999995,21.282474098799998,0.0,4.484533322101285,7.0,46.0
A,NEAR-USDT-SWAP,trend,2022-01-01T04:00:00+00:00,2024-12-30T20:00:00+00:00,6569,3.0,182,34.065934065934066,0.8224809262755916,-0.03833167010115755,3.6293225818724517,-2.289681463013285,1.5850775055392035,-11.863744186404004,-11.881048677406724,-6.96962740999999,-65.75193735325652,0.2569169269504756,0.042730733271391735,431.5395352770002,306.7206283352,0.0,7.172534800202983,1.0,11.0
A,PENGU-USDT-SWAP,ema_trend,2024-12-17T12:00:00+00:00,2024-12-30T20:00:00+00:00,81,0.04,0,nan,nan,nan,nan,nan,nan,nan,0.0,0.0,nan,nan,nan,0,0,0,nan,nan,nan
A,PENGU-USDT-SWAP,trend,2024-12-17T12:00:00+00:00,2024-12-30T20:00:00+00:00,81,0.04,0,nan,nan,nan,nan,nan,nan,nan,0.0,0.0,nan,nan,nan,0,0,0,nan,nan,nan
A,ETHFI-USDT-SWAP,ema_trend,2024-03-18T12:00:00+00:00,2024-12-30T20:00:00+00:00,1725,0.79,4,25.0,0.6423723866754127,-0.27444693756301375,14.162554866876906,-6.858152614365641,2.0650684904869094,-3.098248981,-3.0383375063068208,-1.12639751000001,nan,0.16851548909593903,0.024878751043561586,8.837502592,1.1783326527,0.0,6.823484392915628,6.0,18.0
A,ETHFI-USDT-SWAP,trend,2024-03-18T12:00:00+00:00,2024-12-30T20:00:00+00:00,1725,0.79,12,25.0,0.3543005983779518,-0.1754111017348942,2.489280895529364,-2.7689859172727704,0.898986477324199,-2.863215489,-2.863215490000004,-2.094084679999997,nan,0.2973839437578042,0.04019569678406485,24.06909912,23.4823767142,0.0,7.831071664365884,2.0,6.0
B,BTC-USDT-SWAP,ema_trend,2024-07-21T16:00:00+00:00,2026-09-18T08:00:00+00:00,4733,2.16,39,41.02564102564102,1.205813058436287,0.13244091175003522,3.801212011836702,-2.173965052682633,1.7485156935462585,-5.835821138000001,-6.45289366307763,4.8587737000000075,16.177714251682463,0.1703129645558722,0.09469445711225351,341.89758613900005,45.586353654000014,-9.9025271609,2.0067006354660912,9.0,61.0
B,BTC-USDT-SWAP,trend,2024-07-21T16:00:00+00:00,2026-09-18T08:00:00+00:00,4733,2.16,148,26.351351351351347,0.5659575067757766,-0.13567511737494464,1.8527765080609162,-1.0830086286001488,1.710768002334143,-22.112454735363002,-21.673706417481718,-18.426533980000002,16.177714251682463,0.22481612697990788,0.09325965732085727,847.8808917670003,421.3142026160001,-0.40868847298000005,2.7688011417952954,1.0,7.0
B,ETH-USDT-SWAP,ema_trend,2024-07-21T16:00:00+00:00,2026-09-18T08:00:00+00:00,4733,2.16,43,34.883720930232556,0.9691776710594944,-0.021282931984910144,4.8736598760812955,-3.1307442143428412,1.5567096966125995,-7.691844013,-7.953777477410484,-1.3373563400000066,-28.36847819875422,0.17006258482393743,0.06648567672766428,255.31420097700004,34.0418950558,-3.6973105075999997,2.819144668640075,5.0,39.0
B,ETH-USDT-SWAP,trend,2024-07-21T16:00:00+00:00,2026-09-18T08:00:00+00:00,4733,2.16,154,32.467532467532465,0.903176701599764,-0.023811162487072317,2.7618166658625594,-1.4855474815848164,1.8591237911266152,-12.223541134909997,-11.89175323616939,-3.9988741900000013,-28.36847819875422,0.22997227636009926,0.06314991330616382,633.3837756170001,336.38069511530017,-1.42221105266,4.281749356655971,1.0,11.0
B,SOL-USDT-SWAP,ema_trend,2024-07-21T16:00:00+00:00,2026-09-18T08:00:00+00:00,4733,2.16,33,54.54545454545454,2.203568282399627,0.5759687383255262,6.143336536396319,-3.663798430643998,1.6767670636608916,-3.842118466000002,-3.9384018162926804,20.4314439,-39.75491593046452,0.1716038126022246,0.05536779864800663,179.20400722500008,23.893890199799998,-10.7508581429,3.32014961822303,9.0,50.0
B,SOL-USDT-SWAP,trend,2024-07-21T16:00:00+00:00,2026-09-18T08:00:00+00:00,4733,2.16,161,29.19254658385093,0.6485994704323098,-0.09472115023969405,2.736560377724922,-1.7439593352053078,1.5691652451304205,-18.596090641242995,-18.884474846835573,-14.423429870000003,-39.75491593046452,0.2335270853937608,0.053819152696020466,509.62125751140013,283.4370052636,-2.78689943191,4.944455469952728,1.0,11.0
B,XRP-USDT-SWAP,ema_trend,2024-07-21T16:00:00+00:00,2026-09-18T08:00:00+00:00,4733,2.16,44,38.63636363636363,1.1490009755322508,0.0960172334909946,4.621469821638307,-3.7373043602036984,1.236578393467108,-6.756031652,-6.821517909198171,3.838253100000011,124.99574902227515,0.17033217936031803,0.06124880052436394,241.52408787200008,32.20321831930001,-2.6652430814,3.1270890780192797,5.0,32.0
B,XRP-USDT-SWAP,trend,2024-07-21T16:00:00+00:00,2026-09-18T08:00:00+00:00,4733,2.16,155,32.903225806451616,0.8959643675977557,-0.02554045546111212,3.801891721771513,-1.6239973524736937,2.341070147670144,-12.220805513656002,-11.576919335878111,-4.1744812199999926,124.99574902227515,0.25581599480484535,0.06474106338060986,596.3031982400001,419.0330750804,-1.3586393247800002,4.7245729066717645,1.0,8.0
B,DOGE-USDT-SWAP,ema_trend,2024-07-21T16:00:00+00:00,2026-09-18T08:00:00+00:00,4733,2.16,35,40.0,1.2219453157337767,0.14049189225769843,5.870986715500067,-3.3524980057633575,1.7512275042094332,-9.217122444,-8.156566995054282,4.6457105,-35.14253135689852,0.17043307106768052,0.05900849185435072,195.36955161100002,26.0492804274,-1.9643250244000001,3.128662808120937,5.0,16.0
B,DOGE-USDT-SWAP,trend,2024-07-21T16:00:00+00:00,2026-09-18T08:00:00+00:00,4733,2.16,145,36.55172413793103,0.9802938246083119,-0.0044458386798541995,3.353162998199103,-1.9671153237827657,1.7046092609105223,-9.36949714985,-9.135115352193724,-0.9383363699999925,-35.14253135689852,0.25348181887075266,0.050803233265940065,446.943209959,307.2947902679,0.5379130593700001,5.597343289640438,1.0,7.0
B,BNB-USDT-SWAP,ema_trend,2024-07-21T16:00:00+00:00,2026-09-18T08:00:00+00:00,4733,2.16,41,43.90243902439025,1.3694870950328057,0.22588487669449772,4.194222390278204,-2.1490520588674134,1.9516616049257691,-8.040805337000002,-8.726930630738872,10.026278999999994,25.02086463027875,0.17046772645342836,0.09083061117965602,348.359127419,46.4478968642,-6.0390467809,2.077458348550374,8.0,80.0
B,BNB-USDT-SWAP,trend,2024-07-21T16:00:00+00:00,2026-09-18T08:00:00+00:00,4733,2.16,156,36.53846153846153,0.7957382600761179,-0.0553817629136457,1.7399872557165914,-1.3014237872046774,1.3369874385452125,-14.6808188215726,-14.79552996526765,-8.549596290000006,25.02086463027875,0.2168918895003167,0.08310986630480378,839.4421319049995,373.4299764117,-2.93048151535,3.0632781112090273,1.0,10.0
B,AVAX-USDT-SWAP,ema_trend,2024-07-21T16:00:00+00:00,2026-09-18T08:00:00+00:00,4733,2.16,46,23.91304347826087,0.5801345882871232,-0.33483117050202066,6.343965947163904,-3.7076016361546706,1.7110700042045324,-17.6857812422,-17.848721493773812,-14.653470429999993,-74.3822182076263,0.1691787003286174,0.05117410111756057,194.820812208,25.976095943699995,-5.57688417019,3.480350206551935,5.5,65.0
B,AVAX-USDT-SWAP,trend,2024-07-21T16:00:00+00:00,2026-09-18T08:00:00+00:00,4733,2.16,158,34.177215189873415,0.94523897783363,-0.012270177112938875,3.4351899635124106,-1.8457199378375633,1.8611653334238036,-9.389933230391998,-9.136374097491073,-2.2549474799999913,-74.3822182076263,0.2523486453903115,0.04999116846766942,477.8631906750001,325.3711295402,-4.678033312199999,5.527336386230425,1.0,9.0
B,LINK-USDT-SWAP,ema_trend,2024-07-21T16:00:00+00:00,2026-09-18T08:00:00+00:00,4733,2.16,40,37.5,1.1007999047463197,0.0661977611128167,5.953254607735115,-3.6292901226948833,1.6403358250441002,-11.803053113,-11.251739597186571,2.258786299999982,-18.198173263216166,0.1702759396342527,0.054943375838415374,201.58411444399997,26.877886550299998,-8.0997026787,3.322023886163678,6.5,79.0
B,LINK-USDT-SWAP,trend,2024-07-21T16:00:00+00:00,2026-09-18T08:00:00+00:00,4733,2.16,163,36.809815950920246,1.0138195503213465,0.0026897839049461756,2.6580541106713182,-1.7114584744823667,1.5530929615311004,-5.23863122773,-5.638764937134654,0.17669700000000343,-18.198173263216166,0.23081890706231006,0.04952988505425508,512.7447457999999,276.49386627030003,-2.3749086140999998,5.326278322490612,1.0,8.0
B,ADA-USDT-SWAP,ema_trend,2024-07-21T16:00:00+00:00,2026-09-18T08:00:00+00:00,4733,2.16,47,27.659574468085108,0.7104505845615308,-0.21925487743317065,6.252373175938377,-3.782029486530542,1.6531793837689017,-17.690116678799995,-17.83546566148577,-10.179199379999993,-50.24401580292819,0.169472916198163,0.051720337527329026,197.09980589700007,26.2799662092,-3.4865535177999996,3.509590821144425,4.0,30.0
B,ADA-USDT-SWAP,trend,2024-07-21T16:00:00+00:00,2026-09-18T08:00:00+00:00,4733,2.16,153,34.64052287581699,1.143737665593738,0.031062644496772346,3.962412104448597,-1.8148737584045764,2.1832990234714087,-6.178515688939999,-5.831533556156998,4.2088874999999915,-50.24401580292819,0.26345135964426525,0.0534644938228085,476.53822922819995,359.8177068179,-3.2226663389,5.451043854683824,1.0,8.0
B,SUI-USDT-SWAP,ema_trend,2024-07-21T16:00:00+00:00,2026-09-18T08:00:00+00:00,4733,2.16,43,27.906976744186046,0.723266605062429,-0.20749544786268628,8.710828908899893,-4.641214681226436,1.8768424878372716,-14.656877221999999,-14.741788113167765,-8.894207189999992,-6.060965484521397,0.1693957004483075,0.04267542712053929,153.590880479,20.478776963299993,-5.2813039667999995,4.4771182460936805,6.0,33.0
B,SUI-USDT-SWAP,trend,2024-07-21T16:00:00+00:00,2026-09-18T08:00:00+00:00,4733,2.16,162,40.123456790123456,0.9927401661289111,-0.0017548040098440954,3.804575737334668,-2.606368429876762,1.4597229208744527,-5.91492003277,-5.951000439338083,-0.6685324699999939,-6.060965484521397,0.2588102836473774,0.04494124037212472,421.2275743219999,305.5695293926,-1.572581230199,6.577263401947289,1.0,7.0
B,NEAR-USDT-SWAP,ema_trend,2024-07-21T16:00:00+00:00,2026-09-18T08:00:00+00:00,4733,2.16,42,33.33333333333333,0.9314170071460084,-0.04756975025305858,6.974403046716726,-4.394246921270808,1.5871668505828394,-8.458898096,-9.120789243085902,-2.381366169999999,-42.9223000488679,0.16994613141140782,0.04436821441948789,164.12890652499996,21.88385372840001,-4.6420340874,4.019579661309399,6.5,25.0
B,NEAR-USDT-SWAP,trend,2024-07-21T16:00:00+00:00,2026-09-18T08:00:00+00:00,4733,2.16,149,36.91275167785235,1.078764224950092,0.017879141188103936,3.9211723415786497,-2.4903904940906387,1.5745210844978181,-6.581358224940001,-6.581358230000001,2.3463496999999833,-42.9223000488679,0.2503763405371717,0.04173631437157802,370.44489402199986,248.3107826782,0.9706655767800003,6.663527440198248,1.0,9.0
B,PENGU-USDT-SWAP,ema_trend,2024-12-17T12:00:00+00:00,2026-09-18T08:00:00+00:00,3840,1.75,29,24.137931034482758,0.6021305332778388,-0.3109662491383297,9.194006264938633,-5.6982254380366175,1.6134858764216466,-14.2306047834,-14.89296473020606,-8.850532820000012,nan,0.16876190017755424,0.034111027231105207,81.856337483,10.914170433199999,-2.5017447454,5.3380473581037355,6.0,37.0
B,PENGU-USDT-SWAP,trend,2024-12-17T12:00:00+00:00,2026-09-18T08:00:00+00:00,3840,1.75,117,41.02564102564102,0.9642693992884948,-0.007677613859735883,4.405806483661649,-3.0908024599929487,1.4254571557677937,-5.1629176386500015,-5.319851022573497,-1.07951193000001,nan,0.27409326281592444,0.03710801699878295,241.53522207530006,199.22106331769993,-1.38211872097,8.855366808917744,1.0,10.0
B,ETHFI-USDT-SWAP,ema_trend,2024-07-21T16:00:00+00:00,2026-09-18T08:00:00+00:00,4733,2.16,49,34.69387755102041,1.0079716172449609,0.005361557298638656,9.000087052470656,-5.582879112512374,1.6120870380839198,-11.9722525318,-11.749402235601657,-0.22833612000000558,-71.13329174464546,0.1701083132753181,0.03477739583309434,145.04566759499994,19.339423771099998,-0.9264109985000001,5.140052656847209,8.0,36.0
B,ETHFI-USDT-SWAP,trend,2024-07-21T16:00:00+00:00,2026-09-18T08:00:00+00:00,4733,2.16,150,35.333333333333336,0.7784177961486924,-0.052705531136387124,4.30163364453558,-2.957521991739739,1.4544722428269006,-10.155433331719996,-10.204239643787115,-7.265649649999995,-71.13329174464546,0.261014508571404,0.03632813644979278,300.7326168685001,224.32259777719995,0.03895297114000007,7.981562113005581,1.0,10.0
